city,year,month,time_mean
барнаул,2024,Январь,2023-05-20 07:49:02.064515840
барнаул,2024,Февраль,2023-05-20 09:41:53.827586304
барнаул,2024,Март,2023-05-20 11:58:22.806451968
барнаул,2024,Апрель,2023-05-20 14:18:32.299999744
барнаул,2024,Май,2023-05-20 16:24:08.032258048
барнаул,2024,Июнь,2023-05-20 17:32:28.799999744
барнаул,2024,Июль,2023-05-20 16:55:57.387096832
барнаул,2024,Август,2023-05-20 15:01:50.548387072
барнаул,2024,Сентябрь,2023-05-20 12:45:50.400000256
барнаул,2024,Октябрь,2023-05-20 10:27:21.580645376
барнаул,2024,Ноябрь,2023-05-20 08:21:22.133333248
барнаул,2024,Декабрь,2023-05-20 07:12:17.129032192
благовещенск,2024,Январь,2023-05-20 08:38:43.032258304
благовещенск,2024,Февраль,2023-05-20 09:41:53.827586304
благовещенск,2024,Март,2023-05-20 11:58:22.806451968
благовещенск,2024,Апрель,2023-05-20 14:18:32.299999744
благовещенск,2024,Май,2023-05-20 16:24:08.032258048
благовещенск,2024,Июнь,2023-05-20 17:32:28.799999744
благовещенск,2024,Июль,2023-05-20 16:55:57.387096832
благовещенск,2024,Август,2023-05-20 15:01:50.548387072
благовещенск,2024,Сентябрь,2023-05-20 12:45:50.400000256
благовещенск,2024,Октябрь,2023-05-20 10:27:21.580645376
благовещенск,2024,Ноябрь,2023-05-20 09:05:09.733333504
благовещенск,2024,Декабрь,2023-05-20 07:12:17.129032192
архангельск,2024,Январь,2023-05-20 07:49:02.064515840
архангельск,2024,Февраль,2023-05-20 09:41:53.827586304
архангельск,2024,Март,2023-05-20 11:58:22.806451968
архангельск,2024,Апрель,2023-05-20 14:18:32.299999744
архангельск,2024,Май,2023-05-20 16:24:08.032258048
архангельск,2024,Июнь,2023-05-20 17:32:28.799999744
архангельск,2024,Июль,2023-05-20 19:55:44.354838784
архангельск,2024,Август,2023-05-20 15:01:50.548387072
архангельск,2024,Сентябрь,2023-05-20 12:45:50.400000256
архангельск,2024,Октябрь,2023-05-20 10:27:21.580645376
архангельск,2024,Ноябрь,2023-05-20 08:21:22.133333248
архангельск,2024,Декабрь,2023-05-20 07:12:17.129032192
астрахань,2024,Январь,2023-05-20 07:49:02.064515840
астрахань,2024,Февраль,2023-05-20 09:41:53.827586304
астрахань,2024,Март,2023-05-20 11:58:22.806451968
астрахань,2024,Апрель,2023-05-20 14:18:32.299999744
астрахань,2024,Май,2023-05-20 16:24:08.032258048
астрахань,2024,Июнь,2023-05-20 17:32:28.799999744
астрахань,2024,Июль,2023-05-20 16:55:57.387096832
астрахань,2024,Август,2023-05-20 15:01:50.548387072
астрахань,2024,Сентябрь,2023-05-20 12:45:50.400000256
астрахань,2024,Октябрь,2023-05-20 10:27:21.580645376
астрахань,2024,Ноябрь,2023-05-20 08:21:22.133333248
астрахань,2024,Декабрь,2023-05-20 07:12:17.129032192
белгород,2024,Январь,2023-05-20 07:49:02.064515840
белгород,2024,Февраль,2023-05-20 10:07:08.172413952
белгород,2024,Март,2023-05-20 11:58:22.806451968
белгород,2024,Апрель,2023-05-20 14:18:32.299999744
белгород,2024,Май,2023-05-20 16:24:08.032258048
белгород,2024,Июнь,2023-05-20 17:32:28.799999744
белгород,2024,Июль,2023-05-20 16:55:57.387096832
белгород,2024,Август,2023-05-20 14:30:16.161289984
белгород,2024,Сентябрь,2023-05-20 12:38:50.400000256
белгород,2024,Октябрь,2023-05-20 10:27:21.580645376
белгород,2024,Ноябрь,2023-05-20 08:21:22.133333248
белгород,2024,Декабрь,2023-05-20 07:12:17.129032192
брянск,2024,Январь,2023-05-20 07:49:02.064515840
брянск,2024,Февраль,2023-05-20 09:41:53.827586304
брянск,2024,Март,2023-05-20 11:58:22.806451968
брянск,2024,Апрель,2023-05-20 14:18:32.299999744
брянск,2024,Май,2023-05-20 16:24:08.032258048
брянск,2024,Июнь,2023-05-20 17:32:28.799999744
брянск,2024,Июль,2023-05-20 16:55:57.387096832
брянск,2024,Август,2023-05-20 14:45:22.548387328
брянск,2024,Сентябрь,2023-05-20 12:45:50.400000256
брянск,2024,Октябрь,2023-05-20 10:27:21.580645376
брянск,2024,Ноябрь,2023-05-20 08:21:22.133333248
брянск,2024,Декабрь,2023-05-20 07:12:17.129032192
владимир,2024,Январь,2023-05-20 07:49:02.064515840
владимир,2024,Февраль,2023-05-20 09:41:53.827586304
владимир,2024,Март,2023-05-20 11:58:14.741935616
владимир,2024,Апрель,2023-05-20 14:18:32.299999744
владимир,2024,Май,2023-05-20 16:28:23.870967296
владимир,2024,Июнь,2023-05-20 17:38:19.333333504
владимир,2024,Июль,2023-05-20 16:55:57.387096832
владимир,2024,Август,2023-05-20 15:01:50.548387072
владимир,2024,Сентябрь,2023-05-20 12:45:50.400000256
владимир,2024,Октябрь,2023-05-20 10:27:21.580645376
владимир,2024,Ноябрь,2023-05-20 08:21:22.133333248
владимир,2024,Декабрь,2023-05-20 07:12:17.129032192
волгоград,2024,Январь,2023-05-20 07:49:02.064515840
волгоград,2024,Февраль,2023-05-20 09:41:53.827586304
волгоград,2024,Март,2023-05-20 11:58:22.806451968
волгоград,2024,Апрель,2023-05-20 13:47:48.466666752
волгоград,2024,Май,2023-05-20 16:24:08.032258048
волгоград,2024,Июнь,2023-05-20 17:32:28.799999744
волгоград,2024,Июль,2023-05-20 16:55:57.387096832
волгоград,2024,Август,2023-05-20 15:01:50.548387072
волгоград,2024,Сентябрь,2023-05-20 12:45:50.400000256
волгоград,2024,Октябрь,2023-05-20 10:27:21.580645376
волгоград,2024,Ноябрь,2023-05-20 08:21:22.133333248
волгоград,2024,Декабрь,2023-05-20 07:12:17.129032192
вологда,2024,Январь,2023-05-20 07:06:39.225806592
вологда,2024,Февраль,2023-05-20 09:41:53.827586304
вологда,2024,Март,2023-05-20 11:58:22.806451968
вологда,2024,Апрель,2023-05-20 14:18:32.299999744
вологда,2024,Май,2023-05-20 16:24:08.032258048
вологда,2024,Июнь,2023-05-20 17:32:28.799999744
вологда,2024,Июль,2023-05-20 16:55:57.387096832
вологда,2024,Август,2023-05-20 15:01:50.548387072
вологда,2024,Сентябрь,2023-05-20 12:45:50.400000256
вологда,2024,Октябрь,2023-05-20 10:27:21.580645376
вологда,2024,Ноябрь,2023-05-20 08:21:22.133333248
вологда,2024,Декабрь,2023-05-20 07:12:17.129032192
воронеж,2024,Январь,2023-05-20 07:49:02.064515840
воронеж,2024,Февраль,2023-05-20 09:41:53.827586304
воронеж,2024,Март,2023-05-20 11:58:22.806451968
воронеж,2024,Апрель,2023-05-20 14:18:32.299999744
воронеж,2024,Май,2023-05-20 16:24:08.032258048
воронеж,2024,Июнь,2023-05-20 17:32:28.799999744
воронеж,2024,Июль,2023-05-20 16:55:57.387096832
воронеж,2024,Август,2023-05-20 15:01:50.548387072
воронеж,2024,Сентябрь,2023-05-20 12:45:50.400000256
воронеж,2024,Октябрь,2023-05-20 10:27:21.580645376
воронеж,2024,Ноябрь,2023-05-20 08:54:40.400000000
воронеж,2024,Декабрь,2023-05-20 07:12:17.129032192
севастополь,2024,Январь,2023-05-20 07:49:02.064515840
севастополь,2024,Февраль,2023-05-20 10:30:15.551724288
севастополь,2024,Март,2023-05-20 11:58:22.806451968
севастополь,2024,Апрель,2023-05-20 14:18:32.299999744
севастополь,2024,Май,2023-05-20 16:24:08.032258048
севастополь,2024,Июнь,2023-05-20 17:32:28.799999744
севастополь,2024,Июль,2023-05-20 16:55:57.387096832
севастополь,2024,Август,2023-05-20 14:01:56.032258048
севастополь,2024,Сентябрь,2023-05-20 12:45:50.400000256
севастополь,2024,Октябрь,2023-05-20 10:27:21.580645376
севастополь,2024,Ноябрь,2023-05-20 08:21:22.133333248
севастополь,2024,Декабрь,2023-05-20 07:12:17.129032192
биробиджан,2024,Январь,2023-05-20 07:49:02.064515840
биробиджан,2024,Февраль,2023-05-20 09:41:53.827586304
биробиджан,2024,Март,2023-05-20 11:58:22.806451968
биробиджан,2024,Апрель,2023-05-20 14:18:32.299999744
биробиджан,2024,Май,2023-05-20 16:24:08.032258048
биробиджан,2024,Июнь,2023-05-20 17:32:28.799999744
биробиджан,2024,Июль,2023-05-20 16:55:57.387096832
биробиджан,2024,Август,2023-05-20 15:01:50.548387072
биробиджан,2024,Сентябрь,2023-05-20 12:45:50.400000256
биробиджан,2024,Октябрь,2023-05-20 10:50:25.387096576
биробиджан,2024,Ноябрь,2023-05-20 08:21:22.133333248
биробиджан,2024,Декабрь,2023-05-20 07:12:17.129032192
чита,2024,Январь,2023-05-20 07:49:02.064515840
чита,2024,Февраль,2023-05-20 09:41:53.827586304
чита,2024,Март,2023-05-20 11:58:22.806451968
чита,2024,Апрель,2023-05-20 14:18:32.299999744
чита,2024,Май,2023-05-20 16:24:08.032258048
чита,2024,Июнь,2023-05-20 16:43:39.866666496
чита,2024,Июль,2023-05-20 16:55:57.387096832
чита,2024,Август,2023-05-20 15:01:50.548387072
чита,2024,Сентябрь,2023-05-20 12:45:50.400000256
чита,2024,Октябрь,2023-05-20 10:27:21.580645376
чита,2024,Ноябрь,2023-05-20 08:21:22.133333248
чита,2024,Декабрь,2023-05-20 07:12:17.129032192
иваново,2024,Январь,2023-05-20 07:49:02.064515840
иваново,2024,Февраль,2023-05-20 09:41:53.827586304
иваново,2024,Март,2023-05-20 11:58:22.806451968
иваново,2024,Апрель,2023-05-20 14:18:32.299999744
иваново,2024,Май,2023-05-20 16:24:08.032258048
иваново,2024,Июнь,2023-05-20 17:32:28.799999744
иваново,2024,Июль,2023-05-20 16:55:57.387096832
иваново,2024,Август,2023-05-20 15:01:50.548387072
иваново,2024,Сентябрь,2023-05-20 12:45:50.400000256
иваново,2024,Октябрь,2023-05-20 10:27:21.580645376
иваново,2024,Ноябрь,2023-05-20 08:21:22.133333248
иваново,2024,Декабрь,2023-05-20 07:12:17.129032192
иркутск,2024,Январь,2023-05-20 07:49:02.064515840
иркутск,2024,Февраль,2023-05-20 09:41:53.827586304
иркутск,2024,Март,2023-05-20 11:58:22.806451968
иркутск,2024,Апрель,2023-05-20 14:18:32.299999744
иркутск,2024,Май,2023-05-20 16:24:08.032258048
иркутск,2024,Июнь,2023-05-20 17:32:28.799999744
иркутск,2024,Июль,2023-05-20 16:55:57.387096832
иркутск,2024,Август,2023-05-20 15:01:50.548387072
иркутск,2024,Сентябрь,2023-05-20 12:45:50.400000256
иркутск,2024,Октябрь,2023-05-20 10:27:21.580645376
иркутск,2024,Ноябрь,2023-05-20 08:21:22.133333248
иркутск,2024,Декабрь,2023-05-20 07:12:17.129032192
нальчик,2024,Январь,2023-05-20 07:49:02.064515840
нальчик,2024,Февраль,2023-05-20 09:41:53.827586304
нальчик,2024,Март,2023-05-20 11:58:22.806451968
нальчик,2024,Апрель,2023-05-20 13:30:33.333334016
нальчик,2024,Май,2023-05-20 16:24:08.032258048
нальчик,2024,Июнь,2023-05-20 17:32:28.799999744
нальчик,2024,Июль,2023-05-20 16:55:57.387096832
нальчик,2024,Август,2023-05-20 13:57:35.000000256
нальчик,2024,Сентябрь,2023-05-20 12:45:50.400000256
нальчик,2024,Октябрь,2023-05-20 10:27:21.580645376
нальчик,2024,Ноябрь,2023-05-20 08:21:22.133333248
нальчик,2024,Декабрь,2023-05-20 07:12:17.129032192
калининград,2024,Январь,2023-05-20 07:49:02.064515840
калининград,2024,Февраль,2023-05-20 09:41:53.827586304
калининград,2024,Март,2023-05-20 11:58:22.806451968
калининград,2024,Апрель,2023-05-20 14:18:32.299999744
калининград,2024,Май,2023-05-20 16:24:08.032258048
калининград,2024,Июнь,2023-05-20 17:32:28.799999744
калининград,2024,Июль,2023-05-20 16:55:57.387096832
калининград,2024,Август,2023-05-20 15:01:50.548387072
калининград,2024,Сентябрь,2023-05-20 12:45:50.400000256
калининград,2024,Октябрь,2023-05-20 10:27:21.580645376
калининград,2024,Ноябрь,2023-05-20 08:21:22.133333248
калининград,2024,Декабрь,2023-05-20 07:12:17.129032192
калуга,2024,Январь,2023-05-20 07:49:02.064515840
калуга,2024,Февраль,2023-05-20 09:41:53.827586304
калуга,2024,Март,2023-05-20 11:58:22.806451968
калуга,2024,Апрель,2023-05-20 14:18:32.299999744
калуга,2024,Май,2023-05-20 16:24:08.032258048
калуга,2024,Июнь,2023-05-20 17:32:28.799999744
калуга,2024,Июль,2023-05-20 16:40:59.741935616
калуга,2024,Август,2023-05-20 15:01:50.548387072
калуга,2024,Сентябрь,2023-05-20 12:45:50.400000256
калуга,2024,Октябрь,2023-05-20 10:27:21.580645376
калуга,2024,Ноябрь,2023-05-20 08:21:22.133333248
калуга,2024,Декабрь,2023-05-20 07:12:17.129032192
петропавловск-камчатский,2024,Январь,2023-05-20 07:49:02.064515840
петропавловск-камчатский,2024,Февраль,2023-05-20 09:41:53.827586304
петропавловск-камчатский,2024,Март,2023-05-20 11:58:22.806451968
петропавловск-камчатский,2024,Апрель,2023-05-20 14:18:32.299999744
петропавловск-камчатский,2024,Май,2023-05-20 16:24:08.032258048
петропавловск-камчатский,2024,Июнь,2023-05-20 17:32:28.799999744
петропавловск-камчатский,2024,Июль,2023-05-20 16:55:57.387096832
петропавловск-камчатский,2024,Август,2023-05-20 15:01:50.548387072
петропавловск-камчатский,2024,Сентябрь,2023-05-20 12:45:50.400000256
петропавловск-камчатский,2024,Октябрь,2023-05-20 10:27:21.580645376
петропавловск-камчатский,2024,Ноябрь,2023-05-20 08:21:22.133333248
петропавловск-камчатский,2024,Декабрь,2023-05-20 07:12:17.129032192
черкесск,2024,Январь,2023-05-20 07:49:02.064515840
черкесск,2024,Февраль,2023-05-20 09:41:53.827586304
черкесск,2024,Март,2023-05-20 11:58:22.806451968
черкесск,2024,Апрель,2023-05-20 14:18:32.299999744
черкесск,2024,Май,2023-05-20 16:24:08.032258048
черкесск,2024,Июнь,2023-05-20 17:32:28.799999744
черкесск,2024,Июль,2023-05-20 16:55:57.387096832
черкесск,2024,Август,2023-05-20 15:01:50.548387072
черкесск,2024,Сентябрь,2023-05-20 12:45:50.400000256
черкесск,2024,Октябрь,2023-05-20 10:27:21.580645376
черкесск,2024,Ноябрь,2023-05-20 08:21:22.133333248
черкесск,2024,Декабрь,2023-05-20 07:12:17.129032192
кемерово,2024,Январь,2023-05-20 07:49:02.064515840
кемерово,2024,Февраль,2023-05-20 09:41:53.827586304
кемерово,2024,Март,2023-05-20 11:58:22.806451968
кемерово,2024,Апрель,2023-05-20 14:18:32.299999744
кемерово,2024,Май,2023-05-20 16:24:08.032258048
кемерово,2024,Июнь,2023-05-20 17:32:28.799999744
кемерово,2024,Июль,2023-05-20 16:55:57.387096832
кемерово,2024,Август,2023-05-20 15:01:50.548387072
кемерово,2024,Сентябрь,2023-05-20 12:45:50.400000256
кемерово,2024,Октябрь,2023-05-20 10:27:21.580645376
кемерово,2024,Ноябрь,2023-05-20 08:21:22.133333248
кемерово,2024,Декабрь,2023-05-20 07:12:17.129032192
киров,2024,Январь,2023-05-20 07:49:02.064515840
киров,2024,Февраль,2023-05-20 09:41:53.827586304
киров,2024,Март,2023-05-20 11:58:22.806451968
киров,2024,Апрель,2023-05-20 14:18:32.299999744
киров,2024,Май,2023-05-20 16:24:08.032258048
киров,2024,Июнь,2023-05-20 17:32:28.799999744
киров,2024,Июль,2023-05-20 16:55:57.387096832
киров,2024,Август,2023-05-20 15:01:50.548387072
киров,2024,Сентябрь,2023-05-20 12:45:50.400000256
киров,2024,Октябрь,2023-05-20 10:27:21.580645376
киров,2024,Ноябрь,2023-05-20 08:21:22.133333248
киров,2024,Декабрь,2023-05-20 07:12:17.129032192
кострома,2024,Январь,2023-05-20 07:49:02.064515840
кострома,2024,Февраль,2023-05-20 09:41:53.827586304
кострома,2024,Март,2023-05-20 11:58:22.806451968
кострома,2024,Апрель,2023-05-20 14:29:37.133333248
кострома,2024,Май,2023-05-20 16:24:08.032258048
кострома,2024,Июнь,2023-05-20 17:32:28.799999744
кострома,2024,Июль,2023-05-20 16:55:57.387096832
кострома,2024,Август,2023-05-20 15:01:50.548387072
кострома,2024,Сентябрь,2023-05-20 12:45:50.400000256
кострома,2024,Октябрь,2023-05-20 10:19:25.709677312
кострома,2024,Ноябрь,2023-05-20 08:21:22.133333248
кострома,2024,Декабрь,2023-05-20 07:12:17.129032192
краснодар,2024,Январь,2023-05-20 07:49:02.064515840
краснодар,2024,Февраль,2023-05-20 10:28:38.758620416
краснодар,2024,Март,2023-05-20 11:58:22.806451968
краснодар,2024,Апрель,2023-05-20 14:18:32.299999744
краснодар,2024,Май,2023-05-20 16:24:08.032258048
краснодар,2024,Июнь,2023-05-20 17:32:28.799999744
краснодар,2024,Июль,2023-05-20 16:55:57.387096832
краснодар,2024,Август,2023-05-20 15:01:50.548387072
краснодар,2024,Сентябрь,2023-05-20 12:45:50.400000256
краснодар,2024,Октябрь,2023-05-20 10:27:21.580645376
краснодар,2024,Ноябрь,2023-05-20 08:21:22.133333248
краснодар,2024,Декабрь,2023-05-20 07:12:17.129032192
красноярск,2024,Январь,2023-05-20 07:45:42.161290496
красноярск,2024,Февраль,2023-05-20 09:41:53.827586304
красноярск,2024,Март,2023-05-20 11:57:35.645161472
красноярск,2024,Апрель,2023-05-20 14:18:32.299999744
красноярск,2024,Май,2023-05-20 16:24:08.032258048
красноярск,2024,Июнь,2023-05-20 17:32:28.799999744
красноярск,2024,Июль,2023-05-20 16:55:57.387096832
красноярск,2024,Август,2023-05-20 15:04:23.741935872
красноярск,2024,Сентябрь,2023-05-20 12:45:50.400000256
красноярск,2024,Октябрь,2023-05-20 10:27:21.580645376
красноярск,2024,Ноябрь,2023-05-20 08:21:22.133333248
красноярск,2024,Декабрь,2023-05-20 07:12:17.129032192
курган,2024,Январь,2023-05-20 07:49:02.064515840
курган,2024,Февраль,2023-05-20 09:41:53.827586304
курган,2024,Март,2023-05-20 11:58:22.806451968
курган,2024,Апрель,2023-05-20 14:16:37.933333248
курган,2024,Май,2023-05-20 16:24:08.032258048
курган,2024,Июнь,2023-05-20 17:32:28.799999744
курган,2024,Июль,2023-05-20 16:55:57.387096832
курган,2024,Август,2023-05-20 15:01:50.548387072
курган,2024,Сентябрь,2023-05-20 12:45:50.400000256
курган,2024,Октябрь,2023-05-20 10:27:21.580645376
курган,2024,Ноябрь,2023-05-20 08:21:22.133333248
курган,2024,Декабрь,2023-05-20 07:12:17.129032192
курск,2024,Январь,2023-05-20 07:49:02.064515840
курск,2024,Февраль,2023-05-20 09:41:53.827586304
курск,2024,Март,2023-05-20 11:58:22.806451968
курск,2024,Апрель,2023-05-20 13:59:45.333333248
курск,2024,Май,2023-05-20 16:24:08.032258048
курск,2024,Июнь,2023-05-20 17:32:28.799999744
курск,2024,Июль,2023-05-20 16:55:57.387096832
курск,2024,Август,2023-05-20 15:01:50.548387072
курск,2024,Сентябрь,2023-05-20 12:45:50.400000256
курск,2024,Октябрь,2023-05-20 10:27:21.580645376
курск,2024,Ноябрь,2023-05-20 08:21:22.133333248
курск,2024,Декабрь,2023-05-20 07:12:17.129032192
гатчина,2024,Январь,2023-05-20 07:49:02.064515840
гатчина,2024,Февраль,2023-05-20 09:41:53.827586304
гатчина,2024,Март,2023-05-20 11:58:22.806451968
гатчина,2024,Апрель,2023-05-20 14:18:32.299999744
гатчина,2024,Май,2023-05-20 16:24:08.032258048
гатчина,2024,Июнь,2023-05-20 17:32:28.799999744
гатчина,2024,Июль,2023-05-20 16:55:57.387096832
гатчина,2024,Август,2023-05-20 15:01:50.548387072
гатчина,2024,Сентябрь,2023-05-20 12:45:50.400000256
гатчина,2024,Октябрь,2023-05-20 10:27:21.580645376
гатчина,2024,Ноябрь,2023-05-20 08:21:22.133333248
гатчина,2024,Декабрь,2023-05-20 07:12:17.129032192
липецк,2024,Январь,2023-05-20 07:49:02.064515840
липецк,2024,Февраль,2023-05-20 09:41:53.827586304
липецк,2024,Март,2023-05-20 11:58:22.806451968
липецк,2024,Апрель,2023-05-20 14:18:32.299999744
липецк,2024,Май,2023-05-20 16:24:08.032258048
липецк,2024,Июнь,2023-05-20 17:32:28.799999744
липецк,2024,Июль,2023-05-20 16:55:57.387096832
липецк,2024,Август,2023-05-20 15:01:50.548387072
липецк,2024,Сентябрь,2023-05-20 12:45:50.400000256
липецк,2024,Октябрь,2023-05-20 10:27:21.580645376
липецк,2024,Ноябрь,2023-05-20 08:21:22.133333248
липецк,2024,Декабрь,2023-05-20 07:12:17.129032192
магадан,2024,Январь,2023-05-20 07:49:02.064515840
магадан,2024,Февраль,2023-05-20 09:16:26.620689664
магадан,2024,Март,2023-05-20 11:58:22.806451968
магадан,2024,Апрель,2023-05-20 14:18:32.299999744
магадан,2024,Май,2023-05-20 16:24:08.032258048
магадан,2024,Июнь,2023-05-20 18:40:25.866666496
магадан,2024,Июль,2023-05-20 16:55:57.387096832
магадан,2024,Август,2023-05-20 15:01:50.548387072
магадан,2024,Сентябрь,2023-05-20 12:45:50.400000256
магадан,2024,Октябрь,2023-05-20 10:27:21.580645376
магадан,2024,Ноябрь,2023-05-20 08:21:22.133333248
магадан,2024,Декабрь,2023-05-20 07:12:17.129032192
москва,2024,Январь,2023-05-20 07:49:02.064515840
москва,2024,Февраль,2023-05-20 09:41:53.827586304
москва,2024,Март,2023-05-20 11:58:22.806451968
москва,2024,Апрель,2023-05-20 14:18:32.299999744
москва,2024,Май,2023-05-20 16:24:08.032258048
москва,2024,Июнь,2023-05-20 17:32:28.799999744
москва,2024,Июль,2023-05-20 16:55:57.387096832
москва,2024,Август,2023-05-20 15:01:50.548387072
москва,2024,Сентябрь,2023-05-20 12:45:50.400000256
москва,2024,Октябрь,2023-05-20 10:27:21.580645376
москва,2024,Ноябрь,2023-05-20 08:21:22.133333248
москва,2024,Декабрь,2023-05-20 07:12:17.129032192
москва,2024,Январь,2023-05-20 07:49:02.064515840
москва,2024,Февраль,2023-05-20 09:41:53.827586304
москва,2024,Март,2023-05-20 11:58:22.806451968
москва,2024,Апрель,2023-05-20 14:18:32.299999744
москва,2024,Май,2023-05-20 16:24:08.032258048
москва,2024,Июнь,2023-05-20 17:32:28.799999744
москва,2024,Июль,2023-05-20 16:55:57.387096832
москва,2024,Август,2023-05-20 15:01:50.548387072
москва,2024,Сентябрь,2023-05-20 12:45:50.400000256
москва,2024,Октябрь,2023-05-20 10:27:21.580645376
москва,2024,Ноябрь,2023-05-20 08:21:22.133333248
москва,2024,Декабрь,2023-05-20 07:12:17.129032192
мурманск,2024,Январь,2023-05-20 07:49:02.064515840
мурманск,2024,Февраль,2023-05-20 07:39:35.068965888
мурманск,2024,Март,2023-05-20 11:53:58.935483648
мурманск,2024,Апрель,2023-05-20 16:14:03.133333248
мурманск,2024,Май,2023-05-20 16:24:08.032258048
мурманск,2024,Июнь,2023-05-20 17:32:28.799999744
мурманск,2024,Июль,2023-05-20 16:55:57.387096832
мурманск,2024,Август,2023-05-20 15:01:50.548387072
мурманск,2024,Сентябрь,2023-05-20 13:18:49.866667008
мурманск,2024,Октябрь,2023-05-20 10:27:21.580645376
мурманск,2024,Ноябрь,2023-05-20 08:21:22.133333248
мурманск,2024,Декабрь,2023-05-20 07:12:17.129032192
нарьян-мар,2024,Январь,2023-05-20 07:49:02.064515840
нарьян-мар,2024,Февраль,2023-05-20 09:41:53.827586304
нарьян-мар,2024,Март,2023-05-20 11:58:22.806451968
нарьян-мар,2024,Апрель,2023-05-20 14:18:32.299999744
нарьян-мар,2024,Май,2023-05-20 16:24:08.032258048
нарьян-мар,2024,Июнь,2023-05-20 17:32:28.799999744
нарьян-мар,2024,Июль,2023-05-20 16:55:57.387096832
нарьян-мар,2024,Август,2023-05-20 15:01:50.548387072
нарьян-мар,2024,Сентябрь,2023-05-20 12:45:50.400000256
нарьян-мар,2024,Октябрь,2023-05-20 10:27:21.580645376
нарьян-мар,2024,Ноябрь,2023-05-20 08:21:22.133333248
нарьян-мар,2024,Декабрь,2023-05-20 07:12:17.129032192
нижний новгород,2024,Январь,2023-05-20 07:49:02.064515840
нижний новгород,2024,Февраль,2023-05-20 09:41:53.827586304
нижний новгород,2024,Март,2023-05-20 11:58:22.806451968
нижний новгород,2024,Апрель,2023-05-20 14:18:32.299999744
нижний новгород,2024,Май,2023-05-20 16:24:08.032258048
нижний новгород,2024,Июнь,2023-05-20 17:32:28.799999744
нижний новгород,2024,Июль,2023-05-20 16:55:57.387096832
нижний новгород,2024,Август,2023-05-20 15:01:50.548387072
нижний новгород,2024,Сентябрь,2023-05-20 12:45:50.400000256
нижний новгород,2024,Октябрь,2023-05-20 10:27:21.580645376
нижний новгород,2024,Ноябрь,2023-05-20 08:21:22.133333248
нижний новгород,2024,Декабрь,2023-05-20 07:12:17.129032192
великий новгород,2024,Январь,2023-05-20 07:49:02.064515840
великий новгород,2024,Февраль,2023-05-20 09:41:53.827586304
великий новгород,2024,Март,2023-05-20 11:58:22.806451968
великий новгород,2024,Апрель,2023-05-20 14:34:17.266666496
великий новгород,2024,Май,2023-05-20 16:24:08.032258048
великий новгород,2024,Июнь,2023-05-20 17:32:28.799999744
великий новгород,2024,Июль,2023-05-20 16:55:57.387096832
великий новгород,2024,Август,2023-05-20 15:01:50.548387072
великий новгород,2024,Сентябрь,2023-05-20 12:45:50.400000256
великий новгород,2024,Октябрь,2023-05-20 10:27:21.580645376
великий новгород,2024,Ноябрь,2023-05-20 08:21:22.133333248
великий новгород,2024,Декабрь,2023-05-20 07:12:17.129032192
новосибирск,2024,Январь,2023-05-20 07:49:02.064515840
новосибирск,2024,Февраль,2023-05-20 09:41:53.827586304
новосибирск,2024,Март,2023-05-20 11:58:22.806451968
новосибирск,2024,Апрель,2023-05-20 14:18:32.299999744
новосибирск,2024,Май,2023-05-20 16:24:08.032258048
новосибирск,2024,Июнь,2023-05-20 17:32:28.799999744
новосибирск,2024,Июль,2023-05-20 16:55:57.387096832
новосибирск,2024,Август,2023-05-20 15:01:50.548387072
новосибирск,2024,Сентябрь,2023-05-20 12:45:50.400000256
новосибирск,2024,Октябрь,2023-05-20 10:27:21.580645376
новосибирск,2024,Ноябрь,2023-05-20 08:21:22.133333248
новосибирск,2024,Декабрь,2023-05-20 07:12:17.129032192
омск,2024,Январь,2023-05-20 07:49:02.064515840
омск,2024,Февраль,2023-05-20 09:41:53.827586304
омск,2024,Март,2023-05-20 11:58:22.806451968
омск,2024,Апрель,2023-05-20 14:18:32.299999744
омск,2024,Май,2023-05-20 16:24:08.032258048
омск,2024,Июнь,2023-05-20 17:32:28.799999744
омск,2024,Июль,2023-05-20 16:55:57.387096832
омск,2024,Август,2023-05-20 15:01:50.548387072
омск,2024,Сентябрь,2023-05-20 12:45:50.400000256
омск,2024,Октябрь,2023-05-20 10:27:21.580645376
омск,2024,Ноябрь,2023-05-20 08:21:22.133333248
омск,2024,Декабрь,2023-05-20 07:12:17.129032192
оренбург,2024,Январь,2023-05-20 07:49:02.064515840
оренбург,2024,Февраль,2023-05-20 09:41:53.827586304
оренбург,2024,Март,2023-05-20 11:58:22.806451968
оренбург,2024,Апрель,2023-05-20 14:18:32.299999744
оренбург,2024,Май,2023-05-20 16:24:08.032258048
оренбург,2024,Июнь,2023-05-20 16:40:47.700000000
оренбург,2024,Июль,2023-05-20 16:55:57.387096832
оренбург,2024,Август,2023-05-20 15:01:50.548387072
оренбург,2024,Сентябрь,2023-05-20 12:45:50.400000256
оренбург,2024,Октябрь,2023-05-20 10:27:21.580645376
оренбург,2024,Ноябрь,2023-05-20 08:21:22.133333248
оренбург,2024,Декабрь,2023-05-20 07:12:17.129032192
орёл,2024,Январь,2023-05-20 07:49:02.064515840
орёл,2024,Февраль,2023-05-20 09:41:53.827586304
орёл,2024,Март,2023-05-20 11:58:22.806451968
орёл,2024,Апрель,2023-05-20 14:18:32.299999744
орёл,2024,Май,2023-05-20 16:24:08.032258048
орёл,2024,Июнь,2023-05-20 17:32:28.799999744
орёл,2024,Июль,2023-05-20 16:55:57.387096832
орёл,2024,Август,2023-05-20 15:01:50.548387072
орёл,2024,Сентябрь,2023-05-20 12:45:50.400000256
орёл,2024,Октябрь,2023-05-20 10:27:21.580645376
орёл,2024,Ноябрь,2023-05-20 08:21:22.133333248
орёл,2024,Декабрь,2023-05-20 07:12:17.129032192
пенза,2024,Январь,2023-05-20 07:49:02.064515840
пенза,2024,Февраль,2023-05-20 09:41:53.827586304
пенза,2024,Март,2023-05-20 11:58:22.806451968
пенза,2024,Апрель,2023-05-20 14:18:32.299999744
пенза,2024,Май,2023-05-20 16:24:08.032258048
пенза,2024,Июнь,2023-05-20 17:32:28.799999744
пенза,2024,Июль,2023-05-20 16:55:57.387096832
пенза,2024,Август,2023-05-20 15:01:50.548387072
пенза,2024,Сентябрь,2023-05-20 12:45:50.400000256
пенза,2024,Октябрь,2023-05-20 10:27:21.580645376
пенза,2024,Ноябрь,2023-05-20 08:43:07.566666752
пенза,2024,Декабрь,2023-05-20 07:12:17.129032192
пермь,2024,Январь,2023-05-20 07:49:02.064515840
пермь,2024,Февраль,2023-05-20 09:41:53.827586304
пермь,2024,Март,2023-05-20 11:58:22.806451968
пермь,2024,Апрель,2023-05-20 14:18:32.299999744
пермь,2024,Май,2023-05-20 16:24:08.032258048
пермь,2024,Июнь,2023-05-20 17:32:28.799999744
пермь,2024,Июль,2023-05-20 16:55:57.387096832
пермь,2024,Август,2023-05-20 15:01:50.548387072
пермь,2024,Сентябрь,2023-05-20 12:45:50.400000256
пермь,2024,Октябрь,2023-05-20 10:27:21.580645376
пермь,2024,Ноябрь,2023-05-20 08:21:22.133333248
пермь,2024,Декабрь,2023-05-20 07:12:17.129032192
владивосток,2024,Январь,2023-05-20 07:49:02.064515840
владивосток,2024,Февраль,2023-05-20 09:41:53.827586304
владивосток,2024,Март,2023-05-20 11:58:22.806451968
владивосток,2024,Апрель,2023-05-20 14:18:32.299999744
владивосток,2024,Май,2023-05-20 16:24:08.032258048
владивосток,2024,Июнь,2023-05-20 17:32:28.799999744
владивосток,2024,Июль,2023-05-20 16:55:57.387096832
владивосток,2024,Август,2023-05-20 15:01:50.548387072
владивосток,2024,Сентябрь,2023-05-20 12:45:50.400000256
владивосток,2024,Октябрь,2023-05-20 10:27:21.580645376
владивосток,2024,Ноябрь,2023-05-20 08:21:22.133333248
владивосток,2024,Декабрь,2023-05-20 09:06:45.129032448
псков,2024,Январь,2023-05-20 07:49:02.064515840
псков,2024,Февраль,2023-05-20 09:29:48.620689152
псков,2024,Март,2023-05-20 11:58:22.806451968
псков,2024,Апрель,2023-05-20 14:18:32.299999744
псков,2024,Май,2023-05-20 16:24:08.032258048
псков,2024,Июнь,2023-05-20 17:32:28.799999744
псков,2024,Июль,2023-05-20 16:55:57.387096832
псков,2024,Август,2023-05-20 15:01:50.548387072
псков,2024,Сентябрь,2023-05-20 12:45:50.400000256
псков,2024,Октябрь,2023-05-20 10:27:21.580645376
псков,2024,Ноябрь,2023-05-20 08:21:22.133333248
псков,2024,Декабрь,2023-05-20 07:12:17.129032192
майкоп,2024,Январь,2023-05-20 07:49:02.064515840
майкоп,2024,Февраль,2023-05-20 09:41:53.827586304
майкоп,2024,Март,2023-05-20 11:58:22.806451968
майкоп,2024,Апрель,2023-05-20 14:18:32.299999744
майкоп,2024,Май,2023-05-20 16:24:08.032258048
майкоп,2024,Июнь,2023-05-20 17:32:28.799999744
майкоп,2024,Июль,2023-05-20 16:55:57.387096832
майкоп,2024,Август,2023-05-20 15:01:50.548387072
майкоп,2024,Сентябрь,2023-05-20 12:45:50.400000256
майкоп,2024,Октябрь,2023-05-20 10:27:21.580645376
майкоп,2024,Ноябрь,2023-05-20 08:21:22.133333248
майкоп,2024,Декабрь,2023-05-20 07:12:17.129032192
горно-алтайск,2024,Январь,2023-05-20 07:49:02.064515840
горно-алтайск,2024,Февраль,2023-05-20 09:41:53.827586304
горно-алтайск,2024,Март,2023-05-20 11:58:22.806451968
горно-алтайск,2024,Апрель,2023-05-20 14:18:32.299999744
горно-алтайск,2024,Май,2023-05-20 16:24:08.032258048
горно-алтайск,2024,Июнь,2023-05-20 17:32:28.799999744
горно-алтайск,2024,Июль,2023-05-20 16:55:57.387096832
горно-алтайск,2024,Август,2023-05-20 15:01:50.548387072
горно-алтайск,2024,Сентябрь,2023-05-20 12:45:50.400000256
горно-алтайск,2024,Октябрь,2023-05-20 10:40:48.999999744
горно-алтайск,2024,Ноябрь,2023-05-20 08:21:22.133333248
горно-алтайск,2024,Декабрь,2023-05-20 07:12:17.129032192
уфа,2024,Январь,2023-05-20 07:59:24.967741952
уфа,2024,Февраль,2023-05-20 09:41:53.827586304
уфа,2024,Март,2023-05-20 11:58:22.806451968
уфа,2024,Апрель,2023-05-20 14:18:32.299999744
уфа,2024,Май,2023-05-20 16:24:08.032258048
уфа,2024,Июнь,2023-05-20 17:32:28.799999744
уфа,2024,Июль,2023-05-20 16:55:57.387096832
уфа,2024,Август,2023-05-20 15:01:50.548387072
уфа,2024,Сентябрь,2023-05-20 12:45:50.400000256
уфа,2024,Октябрь,2023-05-20 10:27:21.580645376
уфа,2024,Ноябрь,2023-05-20 08:21:22.133333248
уфа,2024,Декабрь,2023-05-20 07:12:17.129032192
улан-удэ,2024,Январь,2023-05-20 07:49:02.064515840
улан-удэ,2024,Февраль,2023-05-20 09:41:53.827586304
улан-удэ,2024,Март,2023-05-20 11:58:22.806451968
улан-удэ,2024,Апрель,2023-05-20 14:18:32.299999744
улан-удэ,2024,Май,2023-05-20 15:45:19.967741696
улан-удэ,2024,Июнь,2023-05-20 17:32:28.799999744
улан-удэ,2024,Июль,2023-05-20 16:55:57.387096832
улан-удэ,2024,Август,2023-05-20 15:01:50.548387072
улан-удэ,2024,Сентябрь,2023-05-20 12:45:50.400000256
улан-удэ,2024,Октябрь,2023-05-20 10:27:21.580645376
улан-удэ,2024,Ноябрь,2023-05-20 08:21:22.133333248
улан-удэ,2024,Декабрь,2023-05-20 07:12:17.129032192
махачкала,2024,Январь,2023-05-20 07:49:02.064515840
махачкала,2024,Февраль,2023-05-20 10:35:30.413793024
махачкала,2024,Март,2023-05-20 11:58:22.806451968
махачкала,2024,Апрель,2023-05-20 14:18:32.299999744
махачкала,2024,Май,2023-05-20 14:43:49.032257792
махачкала,2024,Июнь,2023-05-20 17:32:28.799999744
махачкала,2024,Июль,2023-05-20 15:01:47.999999744
махачкала,2024,Август,2023-05-20 15:01:50.548387072
махачкала,2024,Сентябрь,2023-05-20 12:45:50.400000256
махачкала,2024,Октябрь,2023-05-20 10:27:21.580645376
махачкала,2024,Ноябрь,2023-05-20 08:21:22.133333248
махачкала,2024,Декабрь,2023-05-20 07:12:17.129032192
элиста,2024,Январь,2023-05-20 07:49:02.064515840
элиста,2024,Февраль,2023-05-20 09:41:53.827586304
элиста,2024,Март,2023-05-20 11:58:22.806451968
элиста,2024,Апрель,2023-05-20 14:18:32.299999744
элиста,2024,Май,2023-05-20 16:24:08.032258048
элиста,2024,Июнь,2023-05-20 17:32:28.799999744
элиста,2024,Июль,2023-05-20 16:55:57.387096832
элиста,2024,Август,2023-05-20 15:01:50.548387072
элиста,2024,Сентябрь,2023-05-20 12:34:14.700000256
элиста,2024,Октябрь,2023-05-20 10:27:21.580645376
элиста,2024,Ноябрь,2023-05-20 08:21:22.133333248
элиста,2024,Декабрь,2023-05-20 07:12:17.129032192
петрозаводск,2024,Январь,2023-05-20 07:49:02.064515840
петрозаводск,2024,Февраль,2023-05-20 09:41:53.827586304
петрозаводск,2024,Март,2023-05-20 11:58:22.806451968
петрозаводск,2024,Апрель,2023-05-20 14:18:32.299999744
петрозаводск,2024,Май,2023-05-20 16:24:08.032258048
петрозаводск,2024,Июнь,2023-05-20 19:36:21.566667264
петрозаводск,2024,Июль,2023-05-20 16:55:57.387096832
петрозаводск,2024,Август,2023-05-20 15:01:50.548387072
петрозаводск,2024,Сентябрь,2023-05-20 12:57:03.800000000
петрозаводск,2024,Октябрь,2023-05-20 10:27:21.580645376
петрозаводск,2024,Ноябрь,2023-05-20 07:12:35.233332736
петрозаводск,2024,Декабрь,2023-05-20 07:12:17.129032192
сыктывкар,2024,Январь,2023-05-20 07:49:02.064515840
сыктывкар,2024,Февраль,2023-05-20 09:41:53.827586304
сыктывкар,2024,Март,2023-05-20 11:58:22.806451968
сыктывкар,2024,Апрель,2023-05-20 14:18:32.299999744
сыктывкар,2024,Май,2023-05-20 16:24:08.032258048
сыктывкар,2024,Июнь,2023-05-20 17:32:28.799999744
сыктывкар,2024,Июль,2023-05-20 16:55:57.387096832
сыктывкар,2024,Август,2023-05-20 15:01:50.548387072
сыктывкар,2024,Сентябрь,2023-05-20 12:45:50.400000256
сыктывкар,2024,Октябрь,2023-05-20 10:27:21.580645376
сыктывкар,2024,Ноябрь,2023-05-20 08:21:22.133333248
сыктывкар,2024,Декабрь,2023-05-20 07:12:17.129032192
йошкар-ола,2024,Январь,2023-05-20 07:49:02.064515840
йошкар-ола,2024,Февраль,2023-05-20 09:41:53.827586304
йошкар-ола,2024,Март,2023-05-20 11:58:22.806451968
йошкар-ола,2024,Апрель,2023-05-20 14:18:32.299999744
йошкар-ола,2024,Май,2023-05-20 16:24:08.032258048
йошкар-ола,2024,Июнь,2023-05-20 17:32:28.799999744
йошкар-ола,2024,Июль,2023-05-20 16:55:57.387096832
йошкар-ола,2024,Август,2023-05-20 15:01:50.548387072
йошкар-ола,2024,Сентябрь,2023-05-20 12:45:50.400000256
йошкар-ола,2024,Октябрь,2023-05-20 10:27:21.580645376
йошкар-ола,2024,Ноябрь,2023-05-20 08:21:22.133333248
йошкар-ола,2024,Декабрь,2023-05-20 07:12:17.129032192
саранск,2024,Январь,2023-05-20 07:49:02.064515840
саранск,2024,Февраль,2023-05-20 09:41:53.827586304
саранск,2024,Март,2023-05-20 11:58:22.806451968
саранск,2024,Апрель,2023-05-20 14:18:32.299999744
саранск,2024,Май,2023-05-20 16:24:08.032258048
саранск,2024,Июнь,2023-05-20 17:32:28.799999744
саранск,2024,Июль,2023-05-20 16:55:57.387096832
саранск,2024,Август,2023-05-20 15:01:50.548387072
саранск,2024,Сентябрь,2023-05-20 12:45:50.400000256
саранск,2024,Октябрь,2023-05-20 10:27:21.580645376
саранск,2024,Ноябрь,2023-05-20 08:21:22.133333248
саранск,2024,Декабрь,2023-05-20 07:12:17.129032192
якутск,2024,Январь,2023-05-20 06:21:17.612902912
якутск,2024,Февраль,2023-05-20 09:41:53.827586304
якутск,2024,Март,2023-05-20 11:58:22.806451968
якутск,2024,Апрель,2023-05-20 14:18:32.299999744
якутск,2024,Май,2023-05-20 16:24:08.032258048
якутск,2024,Июнь,2023-05-20 17:32:28.799999744
якутск,2024,Июль,2023-05-20 16:55:57.387096832
якутск,2024,Август,2023-05-20 15:01:50.548387072
якутск,2024,Сентябрь,2023-05-20 12:45:50.400000256
якутск,2024,Октябрь,2023-05-20 10:27:21.580645376
якутск,2024,Ноябрь,2023-05-20 08:21:22.133333248
якутск,2024,Декабрь,2023-05-20 07:12:17.129032192
владикавказ,2024,Январь,2023-05-20 07:49:02.064515840
владикавказ,2024,Февраль,2023-05-20 09:41:53.827586304
владикавказ,2024,Март,2023-05-20 11:58:22.806451968
владикавказ,2024,Апрель,2023-05-20 14:18:32.299999744
владикавказ,2024,Май,2023-05-20 16:24:08.032258048
владикавказ,2024,Июнь,2023-05-20 17:32:28.799999744
владикавказ,2024,Июль,2023-05-20 16:55:57.387096832
владикавказ,2024,Август,2023-05-20 15:01:50.548387072
владикавказ,2024,Сентябрь,2023-05-20 12:45:50.400000256
владикавказ,2024,Октябрь,2023-05-20 10:27:21.580645376
владикавказ,2024,Ноябрь,2023-05-20 08:21:22.133333248
владикавказ,2024,Декабрь,2023-05-20 07:12:17.129032192
казань,2024,Январь,2023-05-20 07:49:02.064515840
казань,2024,Февраль,2023-05-20 09:41:53.827586304
казань,2024,Март,2023-05-20 11:58:22.806451968
казань,2024,Апрель,2023-05-20 14:18:32.299999744
казань,2024,Май,2023-05-20 16:24:08.032258048
казань,2024,Июнь,2023-05-20 17:32:28.799999744
казань,2024,Июль,2023-05-20 16:55:57.387096832
казань,2024,Август,2023-05-20 15:01:50.548387072
казань,2024,Сентябрь,2023-05-20 12:45:50.400000256
казань,2024,Октябрь,2023-05-20 10:27:21.580645376
казань,2024,Ноябрь,2023-05-20 08:21:08.800000000
казань,2024,Декабрь,2023-05-20 07:12:17.129032192
кызыл,2024,Январь,2023-05-20 09:16:59.129032192
кызыл,2024,Февраль,2023-05-20 09:41:53.827586304
кызыл,2024,Март,2023-05-20 11:58:22.806451968
кызыл,2024,Апрель,2023-05-20 14:18:32.299999744
кызыл,2024,Май,2023-05-20 16:24:08.032258048
кызыл,2024,Июнь,2023-05-20 17:32:28.799999744
кызыл,2024,Июль,2023-05-20 16:55:57.387096832
кызыл,2024,Август,2023-05-20 15:01:50.548387072
кызыл,2024,Сентябрь,2023-05-20 12:45:50.400000256
кызыл,2024,Октябрь,2023-05-20 10:27:21.580645376
кызыл,2024,Ноябрь,2023-05-20 08:21:22.133333248
кызыл,2024,Декабрь,2023-05-20 07:12:17.129032192
абакан,2024,Январь,2023-05-20 07:49:02.064515840
абакан,2024,Февраль,2023-05-20 09:41:53.827586304
абакан,2024,Март,2023-05-20 11:58:13.548387072
абакан,2024,Апрель,2023-05-20 14:18:32.299999744
абакан,2024,Май,2023-05-20 16:24:08.032258048
абакан,2024,Июнь,2023-05-20 17:32:28.799999744
абакан,2024,Июль,2023-05-20 16:55:57.387096832
абакан,2024,Август,2023-05-20 15:01:50.548387072
абакан,2024,Сентябрь,2023-05-20 12:45:50.400000256
абакан,2024,Октябрь,2023-05-20 10:27:21.580645376
абакан,2024,Ноябрь,2023-05-20 08:21:22.133333248
абакан,2024,Декабрь,2023-05-20 07:12:17.129032192
ростов-на-дону,2024,Январь,2023-05-20 07:49:02.064515840
ростов-на-дону,2024,Февраль,2023-05-20 09:41:53.827586304
ростов-на-дону,2024,Март,2023-05-20 11:58:22.806451968
ростов-на-дону,2024,Апрель,2023-05-20 14:18:32.299999744
ростов-на-дону,2024,Май,2023-05-20 16:24:08.032258048
ростов-на-дону,2024,Июнь,2023-05-20 15:55:36.366667008
ростов-на-дону,2024,Июль,2023-05-20 16:55:57.387096832
ростов-на-дону,2024,Август,2023-05-20 14:13:31.096774144
ростов-на-дону,2024,Сентябрь,2023-05-20 12:45:50.400000256
ростов-на-дону,2024,Октябрь,2023-05-20 10:27:21.580645376
ростов-на-дону,2024,Ноябрь,2023-05-20 08:21:22.133333248
ростов-на-дону,2024,Декабрь,2023-05-20 07:12:17.129032192
рязань,2024,Январь,2023-05-20 07:49:02.064515840
рязань,2024,Февраль,2023-05-20 09:41:53.827586304
рязань,2024,Март,2023-05-20 11:58:22.806451968
рязань,2024,Апрель,2023-05-20 14:18:32.299999744
рязань,2024,Май,2023-05-20 16:24:08.032258048
рязань,2024,Июнь,2023-05-20 17:32:28.799999744
рязань,2024,Июль,2023-05-20 16:55:57.387096832
рязань,2024,Август,2023-05-20 15:01:50.548387072
рязань,2024,Сентябрь,2023-05-20 12:44:10.266667264
рязань,2024,Октябрь,2023-05-20 10:27:21.580645376
рязань,2024,Ноябрь,2023-05-20 08:21:22.133333248
рязань,2024,Декабрь,2023-05-20 07:26:04.387096576
самара,2024,Январь,2023-05-20 07:49:02.064515840
самара,2024,Февраль,2023-05-20 09:41:53.827586304
самара,2024,Март,2023-05-20 11:58:22.806451968
самара,2024,Апрель,2023-05-20 14:05:59.766666752
самара,2024,Май,2023-05-20 16:24:08.032258048
самара,2024,Июнь,2023-05-20 17:32:28.799999744
самара,2024,Июль,2023-05-20 16:55:57.387096832
самара,2024,Август,2023-05-20 15:01:50.548387072
самара,2024,Сентябрь,2023-05-20 12:45:50.400000256
самара,2024,Октябрь,2023-05-20 10:27:21.580645376
самара,2024,Ноябрь,2023-05-20 08:21:22.133333248
самара,2024,Декабрь,2023-05-20 07:12:17.129032192
санкт-петербург,2024,Январь,2023-05-20 07:49:02.064515840
санкт-петербург,2024,Февраль,2023-05-20 09:15:30.275862272
санкт-петербург,2024,Март,2023-05-20 11:58:22.806451968
санкт-петербург,2024,Апрель,2023-05-20 14:18:32.299999744
санкт-петербург,2024,Май,2023-05-20 16:24:08.032258048
санкт-петербург,2024,Июнь,2023-05-20 17:32:28.799999744
санкт-петербург,2024,Июль,2023-05-20 16:55:57.387096832
санкт-петербург,2024,Август,2023-05-20 15:01:50.548387072
санкт-петербург,2024,Сентябрь,2023-05-20 12:45:50.400000256
санкт-петербург,2024,Октябрь,2023-05-20 10:27:21.580645376
санкт-петербург,2024,Ноябрь,2023-05-20 07:37:00.233333760
санкт-петербург,2024,Декабрь,2023-05-20 07:12:17.129032192
саратов,2024,Январь,2023-05-20 07:49:02.064515840
саратов,2024,Февраль,2023-05-20 09:41:53.827586304
саратов,2024,Март,2023-05-20 11:58:22.806451968
саратов,2024,Апрель,2023-05-20 14:18:32.299999744
саратов,2024,Май,2023-05-20 16:24:08.032258048
саратов,2024,Июнь,2023-05-20 17:32:28.799999744
саратов,2024,Июль,2023-05-20 16:55:57.387096832
саратов,2024,Август,2023-05-20 15:01:50.548387072
саратов,2024,Сентябрь,2023-05-20 12:45:50.400000256
саратов,2024,Октябрь,2023-05-20 10:27:21.580645376
саратов,2024,Ноябрь,2023-05-20 08:21:22.133333248
саратов,2024,Декабрь,2023-05-20 07:12:17.129032192
южно-сахалинск,2024,Январь,2023-05-20 07:49:02.064515840
южно-сахалинск,2024,Февраль,2023-05-20 09:41:53.827586304
южно-сахалинск,2024,Март,2023-05-20 11:58:22.806451968
южно-сахалинск,2024,Апрель,2023-05-20 14:18:32.299999744
южно-сахалинск,2024,Май,2023-05-20 16:24:08.032258048
южно-сахалинск,2024,Июнь,2023-05-20 17:32:28.799999744
южно-сахалинск,2024,Июль,2023-05-20 16:55:57.387096832
южно-сахалинск,2024,Август,2023-05-20 15:01:50.548387072
южно-сахалинск,2024,Сентябрь,2023-05-20 12:45:50.400000256
южно-сахалинск,2024,Октябрь,2023-05-20 10:27:21.580645376
южно-сахалинск,2024,Ноябрь,2023-05-20 08:21:22.133333248
южно-сахалинск,2024,Декабрь,2023-05-20 08:39:10.709677312
екатеринбург,2024,Январь,2023-05-20 07:36:33.322580480
екатеринбург,2024,Февраль,2023-05-20 09:41:53.827586304
екатеринбург,2024,Март,2023-05-20 11:57:47.419354624
екатеринбург,2024,Апрель,2023-05-20 14:18:32.299999744
екатеринбург,2024,Май,2023-05-20 16:24:08.032258048
екатеринбург,2024,Июнь,2023-05-20 17:32:28.799999744
екатеринбург,2024,Июль,2023-05-20 16:55:57.387096832
екатеринбург,2024,Август,2023-05-20 15:01:50.548387072
екатеринбург,2024,Сентябрь,2023-05-20 12:45:50.400000256
екатеринбург,2024,Октябрь,2023-05-20 10:27:21.580645376
екатеринбург,2024,Ноябрь,2023-05-20 08:21:22.133333248
екатеринбург,2024,Декабрь,2023-05-20 07:12:17.129032192
смоленск,2024,Январь,2023-05-20 07:59:12.258064384
смоленск,2024,Февраль,2023-05-20 09:41:53.827586304
смоленск,2024,Март,2023-05-20 11:58:22.806451968
смоленск,2024,Апрель,2023-05-20 14:18:32.299999744
смоленск,2024,Май,2023-05-20 16:24:08.032258048
смоленск,2024,Июнь,2023-05-20 17:32:28.799999744
смоленск,2024,Июль,2023-05-20 16:55:57.387096832
смоленск,2024,Август,2023-05-20 14:55:07.419354624
смоленск,2024,Сентябрь,2023-05-20 12:45:50.400000256
смоленск,2024,Октябрь,2023-05-20 10:27:21.580645376
смоленск,2024,Ноябрь,2023-05-20 08:21:22.133333248
смоленск,2024,Декабрь,2023-05-20 07:24:13.548387584
ставрополь,2024,Январь,2023-05-20 07:49:02.064515840
ставрополь,2024,Февраль,2023-05-20 09:41:53.827586304
ставрополь,2024,Март,2023-05-20 11:58:22.806451968
ставрополь,2024,Апрель,2023-05-20 13:35:18.933333504
ставрополь,2024,Май,2023-05-20 16:24:08.032258048
ставрополь,2024,Июнь,2023-05-20 17:32:28.799999744
ставрополь,2024,Июль,2023-05-20 16:55:57.387096832
ставрополь,2024,Август,2023-05-20 14:03:53.645161216
ставрополь,2024,Сентябрь,2023-05-20 12:45:50.400000256
ставрополь,2024,Октябрь,2023-05-20 10:27:21.580645376
ставрополь,2024,Ноябрь,2023-05-20 08:21:22.133333248
ставрополь,2024,Декабрь,2023-05-20 07:12:17.129032192
тамбов,2024,Январь,2023-05-20 07:49:02.064515840
тамбов,2024,Февраль,2023-05-20 09:41:53.827586304
тамбов,2024,Март,2023-05-20 11:58:22.806451968
тамбов,2024,Апрель,2023-05-20 14:18:32.299999744
тамбов,2024,Май,2023-05-20 16:24:08.032258048
тамбов,2024,Июнь,2023-05-20 17:32:28.799999744
тамбов,2024,Июль,2023-05-20 16:21:10.999999744
тамбов,2024,Август,2023-05-20 15:01:50.548387072
тамбов,2024,Сентябрь,2023-05-20 12:45:50.400000256
тамбов,2024,Октябрь,2023-05-20 10:27:21.580645376
тамбов,2024,Ноябрь,2023-05-20 08:21:22.133333248
тамбов,2024,Декабрь,2023-05-20 07:12:17.129032192
тверь,2024,Январь,2023-05-20 07:49:02.064515840
тверь,2024,Февраль,2023-05-20 09:41:53.827586304
тверь,2024,Март,2023-05-20 11:58:22.806451968
тверь,2024,Апрель,2023-05-20 14:18:32.299999744
тверь,2024,Май,2023-05-20 16:24:08.032258048
тверь,2024,Июнь,2023-05-20 17:32:28.799999744
тверь,2024,Июль,2023-05-20 16:55:57.387096832
тверь,2024,Август,2023-05-20 15:09:53.612903424
тверь,2024,Сентябрь,2023-05-20 12:45:50.400000256
тверь,2024,Октябрь,2023-05-20 10:27:21.580645376
тверь,2024,Ноябрь,2023-05-20 08:10:51.400000256
тверь,2024,Декабрь,2023-05-20 07:12:17.129032192
томск,2024,Январь,2023-05-20 07:49:02.064515840
томск,2024,Февраль,2023-05-20 09:41:53.827586304
томск,2024,Март,2023-05-20 11:58:22.806451968
томск,2024,Апрель,2023-05-20 14:18:32.299999744
томск,2024,Май,2023-05-20 16:24:08.032258048
томск,2024,Июнь,2023-05-20 17:43:54.800000256
томск,2024,Июль,2023-05-20 16:55:57.387096832
томск,2024,Август,2023-05-20 15:01:50.548387072
томск,2024,Сентябрь,2023-05-20 12:45:50.400000256
томск,2024,Октябрь,2023-05-20 10:25:06.967741952
томск,2024,Ноябрь,2023-05-20 08:21:22.133333248
томск,2024,Декабрь,2023-05-20 07:02:37.225806336
тула,2024,Январь,2023-05-20 07:49:02.064515840
тула,2024,Февраль,2023-05-20 09:50:13.793103104
тула,2024,Март,2023-05-20 11:58:22.806451968
тула,2024,Апрель,2023-05-20 14:10:46.533333504
тула,2024,Май,2023-05-20 16:24:08.032258048
тула,2024,Июнь,2023-05-20 17:32:28.799999744
тула,2024,Июль,2023-05-20 16:55:57.387096832
тула,2024,Август,2023-05-20 15:01:50.548387072
тула,2024,Сентябрь,2023-05-20 12:45:50.400000256
тула,2024,Октябрь,2023-05-20 10:27:21.580645376
тула,2024,Ноябрь,2023-05-20 08:21:22.133333248
тула,2024,Декабрь,2023-05-20 07:12:17.129032192
тюмень,2024,Январь,2023-05-20 07:49:02.064515840
тюмень,2024,Февраль,2023-05-20 09:41:53.827586304
тюмень,2024,Март,2023-05-20 11:58:22.806451968
тюмень,2024,Апрель,2023-05-20 14:18:32.299999744
тюмень,2024,Май,2023-05-20 16:24:08.032258048
тюмень,2024,Июнь,2023-05-20 17:32:28.799999744
тюмень,2024,Июль,2023-05-20 17:15:03.193548544
тюмень,2024,Август,2023-05-20 15:01:50.548387072
тюмень,2024,Сентябрь,2023-05-20 12:45:50.400000256
тюмень,2024,Октябрь,2023-05-20 10:27:21.580645376
тюмень,2024,Ноябрь,2023-05-20 08:21:22.133333248
тюмень,2024,Декабрь,2023-05-20 07:12:17.129032192
ижевск,2024,Январь,2023-05-20 07:49:02.064515840
ижевск,2024,Февраль,2023-05-20 09:41:53.827586304
ижевск,2024,Март,2023-05-20 11:58:22.806451968
ижевск,2024,Апрель,2023-05-20 14:18:32.299999744
ижевск,2024,Май,2023-05-20 16:24:08.032258048
ижевск,2024,Июнь,2023-05-20 17:32:28.799999744
ижевск,2024,Июль,2023-05-20 16:55:57.387096832
ижевск,2024,Август,2023-05-20 15:01:50.548387072
ижевск,2024,Сентябрь,2023-05-20 12:45:50.400000256
ижевск,2024,Октябрь,2023-05-20 10:27:21.580645376
ижевск,2024,Ноябрь,2023-05-20 08:11:07.199999744
ижевск,2024,Декабрь,2023-05-20 07:12:17.129032192
ульяновск,2024,Январь,2023-05-20 07:49:02.064515840
ульяновск,2024,Февраль,2023-05-20 09:41:53.827586304
ульяновск,2024,Март,2023-05-20 11:58:22.806451968
ульяновск,2024,Апрель,2023-05-20 14:18:32.299999744
ульяновск,2024,Май,2023-05-20 16:24:08.032258048
ульяновск,2024,Июнь,2023-05-20 17:32:28.799999744
ульяновск,2024,Июль,2023-05-20 16:55:57.387096832
ульяновск,2024,Август,2023-05-20 15:01:50.548387072
ульяновск,2024,Сентябрь,2023-05-20 12:45:50.400000256
ульяновск,2024,Октябрь,2023-05-20 10:32:37.548386816
ульяновск,2024,Ноябрь,2023-05-20 08:21:22.133333248
ульяновск,2024,Декабрь,2023-05-20 07:12:17.129032192
хабаровск,2024,Январь,2023-05-20 07:49:02.064515840
хабаровск,2024,Февраль,2023-05-20 10:15:02.655172352
хабаровск,2024,Март,2023-05-20 11:58:22.806451968
хабаровск,2024,Апрель,2023-05-20 14:18:32.299999744
хабаровск,2024,Май,2023-05-20 16:24:08.032258048
хабаровск,2024,Июнь,2023-05-20 17:32:28.799999744
хабаровск,2024,Июль,2023-05-20 16:55:57.387096832
хабаровск,2024,Август,2023-05-20 15:01:50.548387072
хабаровск,2024,Сентябрь,2023-05-20 12:45:50.400000256
хабаровск,2024,Октябрь,2023-05-20 10:27:21.580645376
хабаровск,2024,Ноябрь,2023-05-20 08:21:22.133333248
хабаровск,2024,Декабрь,2023-05-20 07:12:17.129032192
ханты-мансийск,2024,Январь,2023-05-20 07:49:02.064515840
ханты-мансийск,2024,Февраль,2023-05-20 09:06:57.862068992
ханты-мансийск,2024,Март,2023-05-20 11:58:22.806451968
ханты-мансийск,2024,Апрель,2023-05-20 14:18:32.299999744
ханты-мансийск,2024,Май,2023-05-20 16:24:08.032258048
ханты-мансийск,2024,Июнь,2023-05-20 19:14:42.733333504
ханты-мансийск,2024,Июль,2023-05-20 16:55:57.387096832
ханты-мансийск,2024,Август,2023-05-20 15:01:50.548387072
ханты-мансийск,2024,Сентябрь,2023-05-20 12:45:50.400000256
ханты-мансийск,2024,Октябрь,2023-05-20 10:04:55.032258048
ханты-мансийск,2024,Ноябрь,2023-05-20 08:21:22.133333248
ханты-мансийск,2024,Декабрь,2023-05-20 07:12:17.129032192
челябинск,2024,Январь,2023-05-20 07:49:02.064515840
челябинск,2024,Февраль,2023-05-20 09:41:53.827586304
челябинск,2024,Март,2023-05-20 11:58:22.806451968
челябинск,2024,Апрель,2023-05-20 14:18:32.299999744
челябинск,2024,Май,2023-05-20 16:24:08.032258048
челябинск,2024,Июнь,2023-05-20 17:32:28.799999744
челябинск,2024,Июль,2023-05-20 16:55:57.387096832
челябинск,2024,Август,2023-05-20 15:01:50.548387072
челябинск,2024,Сентябрь,2023-05-20 12:45:50.400000256
челябинск,2024,Октябрь,2023-05-20 10:27:21.580645376
челябинск,2024,Ноябрь,2023-05-20 08:21:22.133333248
челябинск,2024,Декабрь,2023-05-20 07:12:17.129032192
грозный,2024,Январь,2023-05-20 07:49:02.064515840
грозный,2024,Февраль,2023-05-20 09:41:53.827586304
грозный,2024,Март,2023-05-20 11:58:22.806451968
грозный,2024,Апрель,2023-05-20 14:18:32.299999744
грозный,2024,Май,2023-05-20 16:24:08.032258048
грозный,2024,Июнь,2023-05-20 17:32:28.799999744
грозный,2024,Июль,2023-05-20 15:03:58.419355136
грозный,2024,Август,2023-05-20 15:01:50.548387072
грозный,2024,Сентябрь,2023-05-20 12:45:50.400000256
грозный,2024,Октябрь,2023-05-20 10:27:21.580645376
грозный,2024,Ноябрь,2023-05-20 08:21:22.133333248
грозный,2024,Декабрь,2023-05-20 07:12:17.129032192
чебоксары,2024,Январь,2023-05-20 07:49:02.064515840
чебоксары,2024,Февраль,2023-05-20 09:41:53.827586304
чебоксары,2024,Март,2023-05-20 11:58:22.806451968
чебоксары,2024,Апрель,2023-05-20 14:18:32.299999744
чебоксары,2024,Май,2023-05-20 16:24:08.032258048
чебоксары,2024,Июнь,2023-05-20 17:32:28.799999744
чебоксары,2024,Июль,2023-05-20 16:55:57.387096832
чебоксары,2024,Август,2023-05-20 15:01:50.548387072
чебоксары,2024,Сентябрь,2023-05-20 12:45:50.400000256
чебоксары,2024,Октябрь,2023-05-20 10:27:21.580645376
чебоксары,2024,Ноябрь,2023-05-20 08:21:22.133333248
чебоксары,2024,Декабрь,2023-05-20 07:12:17.129032192
салехард,2024,Январь,2023-05-20 07:49:02.064515840
салехард,2024,Февраль,2023-05-20 09:41:53.827586304
салехард,2024,Март,2023-05-20 11:58:22.806451968
салехард,2024,Апрель,2023-05-20 15:40:49.066666752
салехард,2024,Май,2023-05-20 19:55:08.129031936
салехард,2024,Июнь,2023-05-20 17:32:28.799999744
салехард,2024,Июль,2023-05-20 16:55:57.387096832
салехард,2024,Август,2023-05-20 15:01:50.548387072
салехард,2024,Сентябрь,2023-05-20 12:45:50.400000256
салехард,2024,Октябрь,2023-05-20 10:27:21.580645376
салехард,2024,Ноябрь,2023-05-20 08:21:22.133333248
салехард,2024,Декабрь,2023-05-20 07:12:17.129032192
ярославль,2024,Январь,2023-05-20 07:49:02.064515840
ярославль,2024,Февраль,2023-05-20 09:41:53.827586304
ярославль,2024,Март,2023-05-20 11:58:22.806451968
ярославль,2024,Апрель,2023-05-20 14:18:32.299999744
ярославль,2024,Май,2023-05-20 16:24:08.032258048
ярославль,2024,Июнь,2023-05-20 17:32:28.799999744
ярославль,2024,Июль,2023-05-20 16:55:57.387096832
ярославль,2024,Август,2023-05-20 15:01:50.548387072
ярославль,2024,Сентябрь,2023-05-20 12:45:50.400000256
ярославль,2024,Октябрь,2023-05-20 10:27:21.580645376
ярославль,2024,Ноябрь,2023-05-20 08:21:22.133333248
ярославль,2024,Декабрь,2023-05-20 07:12:17.129032192
симферополь,2024,Январь,2023-05-20 07:49:02.064515840
симферополь,2024,Февраль,2023-05-20 09:41:53.827586304
симферополь,2024,Март,2023-05-20 11:58:22.806451968
симферополь,2024,Апрель,2023-05-20 14:18:32.299999744
симферополь,2024,Май,2023-05-20 14:55:44.096773888
симферополь,2024,Июнь,2023-05-20 15:36:38.133333760
симферополь,2024,Июль,2023-05-20 16:55:57.387096832
симферополь,2024,Август,2023-05-20 15:01:50.548387072
симферополь,2024,Сентябрь,2023-05-20 12:32:51.366666496
симферополь,2024,Октябрь,2023-05-20 10:27:21.580645376
симферополь,2024,Ноябрь,2023-05-20 08:21:22.133333248
симферополь,2024,Декабрь,2023-05-20 07:12:17.129032192
магас,2024,Январь,2023-05-20 09:26:51.096773888
магас,2024,Февраль,2023-05-20 09:41:53.827586304
магас,2024,Март,2023-05-20 11:58:22.806451968
магас,2024,Апрель,2023-05-20 13:29:43.733333248
магас,2024,Май,2023-05-20 16:24:08.032258048
магас,2024,Июнь,2023-05-20 17:32:28.799999744
магас,2024,Июль,2023-05-20 16:55:57.387096832
магас,2024,Август,2023-05-20 15:01:50.548387072
магас,2024,Сентябрь,2023-05-20 12:45:50.400000256
магас,2024,Октябрь,2023-05-20 10:27:21.580645376
магас,2024,Ноябрь,2023-05-20 08:21:22.133333248
магас,2024,Декабрь,2023-05-20 07:12:17.129032192
анадырь,2024,Январь,2023-05-20 07:49:02.064515840
анадырь,2024,Февраль,2023-05-20 09:41:53.827586304
анадырь,2024,Март,2023-05-20 11:58:22.806451968
анадырь,2024,Апрель,2023-05-20 15:19:36.666666752
анадырь,2024,Май,2023-05-20 16:24:08.032258048
анадырь,2024,Июнь,2023-05-20 17:32:28.799999744
анадырь,2024,Июль,2023-05-20 16:55:57.387096832
анадырь,2024,Август,2023-05-20 15:01:50.548387072
анадырь,2024,Сентябрь,2023-05-20 12:45:50.400000256
анадырь,2024,Октябрь,2023-05-20 10:27:21.580645376
анадырь,2024,Ноябрь,2023-05-20 08:21:22.133333248
анадырь,2024,Декабрь,2023-05-20 07:12:17.129032192
